student_id,first_name,last_name,gender,date_of_birth,age,state_of_origin,state_of_residence,student_email,student_phone_no,school_id,parent_name,parent_phone_no,parent_email,parent_address,NIN
1,Ebuka,Edozie,Male,2015-04-10,14,Oyo,Oyo,ebuka.edozie@example.com,+2347553315355,6,Agnes Edozie,+2347065140198,ebuka.edozie@example.com,"140 Keller Tunnel, Ibadan South, Oyo",65323657205
2,Adeyemi,Asuquo,Female,2020-05-23,9,Oyo,Lagos,adeyemi.asuquo@example.com,+2348117372630,5,Daniel Asuquo,+2347809602672,adeyemi.asuquo@example.com,"106 Juan Grove, Badagry, Lagos",15802194127
3,Bashir,Eneh,Female,2007-10-12,16,Osun,Abuja,bashir.eneh@example.com,+2349013154153,4,Mohammed Eneh,+2348741195419,bashir.eneh@example.com,"44 Kaitlyn Way, Gwagwalada, Abuja",47531656001
4,Funke,Nwankwo,Female,2019-09-25,16,Osun,Lagos,funke.nwankwo@example.com,+2347325042536,6,Ireti Nwankwo,+2348299878049,funke.nwankwo@example.com,"167 Darlene Plains, Ikeja, Lagos",33199711251
5,Ejiro,Adeniran,Male,2010-10-15,17,Oyo,Osun,ejiro.adeniran@example.com,+2348883060813,7,Kemi Adeniran,+2348195013675,ejiro.adeniran@example.com,"140 Thomas Divide, Ilesa West, Osun",12306891437
6,Daniel,Edun,Male,2009-01-07,11,Ondo,Ondo,daniel.edun@example.com,+2348865143921,1,Nkechi Edun,+2347645521677,daniel.edun@example.com,"40 Harper Stravenue, Akure North, Ondo",58082035809
7,Helen,Fatoki,Female,2019-08-11,12,Lagos,Lagos,helen.fatoki@example.com,+2348236467576,6,Chinelo Fatoki,+2347655222922,helen.fatoki@example.com,"123 William Common, Ikorodu, Lagos",73087326060
8,Chidiebere,Aderinto,Female,2011-06-30,13,Oyo,Lagos,chidiebere.aderinto@example.com,+2347653231147,7,Anietie Aderinto,+2348388872184,chidiebere.aderinto@example.com,"29 Diana Orchard, Ikeja, Lagos",79110955832
9,Tobi,Ikpe,Male,2019-01-09,6,Abuja,Lagos,tobi.ikpe@example.com,+2348253431481,1,Zainab Ikpe,+2347078688706,tobi.ikpe@example.com,"122 Parker Avenue, Badagry, Lagos",28576548026
10,Oluwaseun,Kadiri,Male,2011-05-19,14,Osun,Lagos,oluwaseun.kadiri@example.com,+2347311168213,5,Fadekemi Kadiri,+2348667532167,oluwaseun.kadiri@example.com,"11 Cody Heights, Badagry, Lagos",83161117696
11,Ebiere,Etim,Male,2020-06-13,5,Ondo,Abuja,ebiere.etim@example.com,+2348151713559,4,Chinaza Etim,+2348971115088,ebiere.etim@example.com,"194 Jenkins Shoal, Municipal, Abuja",75143521722
12,Jelili,Bello,Male,2011-04-03,10,Abuja,Osun,jelili.bello@example.com,+2347762767478,9,Afeez Bello,+2347256202969,jelili.bello@example.com,"106 Kim Meadow, Osogbo, Osun",51436220549
13,Bolaji,Adegoke,Female,2020-04-28,9,Lagos,Abuja,bolaji.adegoke@example.com,+2347888959446,9,Enobong Adegoke,+2348212865185,bolaji.adegoke@example.com,"113 Flores Club, Gwagwalada, Abuja",33423784451
14,Nnamdi,Ekaette,Female,2011-07-12,12,Ondo,Abuja,nnamdi.ekaette@example.com,+2348780820626,9,Efe Ekaette,+2347669452385,nnamdi.ekaette@example.com,"125 Sarah Falls, Kwali, Abuja",61362333854
15,Isaac,Ekwueme,Female,2017-10-15,7,Ondo,Ondo,isaac.ekwueme@example.com,+2347466389268,7,Bosede Ekwueme,+2348683800893,isaac.ekwueme@example.com,"53 Hawkins Lane, Akure South, Ondo",08641188934
16,Chinyere,Eromonsele,Male,2014-11-14,14,Lagos,Abuja,chinyere.eromonsele@example.com,+2348574287098,5,Opeyemi Eromonsele,+2347272795063,chinyere.eromonsele@example.com,"107 Heather Junctions, Bwari, Abuja",10007334233
17,Adeola,Fatoki,Female,2016-10-03,9,Oyo,Lagos,adeola.fatoki@example.com,+2348548916100,1,Judith Fatoki,+2347154603251,adeola.fatoki@example.com,"49 Brown Crossroad, Eti-Osa, Lagos",84328773422
18,Dupe,Alade,Male,2014-03-11,16,Abuja,Ondo,dupe.alade@example.com,+2347148377186,5,Imade Alade,+2347909541760,dupe.alade@example.com,"28 Hernandez Vista, Idanre, Ondo",20655465851
19,Lilian,Oladipo,Female,2013-08-25,12,Oyo,Lagos,lilian.oladipo@example.com,+2348682214963,2,Gbemisola Oladipo,+2348273968270,lilian.oladipo@example.com,"187 Jason Trace, Ikeja, Lagos",67070558564
20,Chinedu,Jibrin,Male,2013-10-18,7,Abuja,Lagos,chinedu.jibrin@example.com,+2347178384876,2,Ngozi Jibrin,+2348156943316,chinedu.jibrin@example.com,"139 Jesus Lane, Surulere, Lagos",45150276055
21,Ebuka,Odili,Male,2009-11-13,9,Ondo,Abuja,ebuka.odili@example.com,+2348434800271,7,Iniobong Odili,+2347895264044,ebuka.odili@example.com,"80 Kim Rapids, Kuje, Abuja",13507561362
22,Nonso,Obafemi,Male,2009-09-18,11,Ondo,Ondo,nonso.obafemi@example.com,+2349061314122,7,Efosa Obafemi,+2347042778489,nonso.obafemi@example.com,"27 Tony Shoals, Ondo East, Ondo",46357797040
23,Audu,Amadi,Male,2017-06-28,17,Ondo,Ondo,audu.amadi@example.com,+2348973266531,6,Akpan Amadi,+2347431815452,audu.amadi@example.com,"155 Williams Corners, Ondo West, Ondo",10081684784
24,Eromosele,Gana,Male,2007-05-31,14,Abuja,Oyo,eromosele.gana@example.com,+2348903765024,9,Khadijah Gana,+2348989834209,eromosele.gana@example.com,"153 Daniel Stravenue, Ibadan North, Oyo",08246851011
25,Nkechi,Agbaje,Female,2016-12-27,5,Ondo,Abuja,nkechi.agbaje@example.com,+2347819128750,4,Chinonso Agbaje,+2347691101797,nkechi.agbaje@example.com,"97 Porter Field, Bwari, Abuja",74030788010
26,Lamide,Obi,Male,2020-03-14,17,Abuja,Oyo,lamide.obi@example.com,+2348649990447,3,Inibehe Obi,+2348180456463,lamide.obi@example.com,"4 Barry Neck, Oyo East, Oyo",60615190985
27,Ismail,Bassey,Female,2020-11-01,11,Abuja,Osun,ismail.bassey@example.com,+2348418027774,5,Emmanuel Bassey,+2347676750126,ismail.bassey@example.com,"39 Nunez Avenue, Ilesa East, Osun",78545386937
28,Faisal,Adegbite,Male,2018-11-19,6,Abuja,Lagos,faisal.adegbite@example.com,+2347909577169,3,Khadijah Adegbite,+2347525260106,faisal.adegbite@example.com,"83 Gregory Stravenue, Badagry, Lagos",26027412771
29,Nonso,Edun,Male,2010-09-25,13,Ondo,Osun,nonso.edun@example.com,+2347096201087,10,Nurudeen Edun,+2347020600637,nonso.edun@example.com,"16 Caldwell Spurs, Osogbo, Osun",32137685232
30,Rofiat,Ikpe,Female,2010-01-21,5,Ondo,Osun,rofiat.ikpe@example.com,+2347809780798,1,Adenike Ikpe,+2348971553144,rofiat.ikpe@example.com,"53 Gonzalez Course, Ede, Osun",25498800991
31,Bukola,Amadi,Male,2007-03-26,18,Lagos,Oyo,bukola.amadi@example.com,+2348926603756,10,Amaka Amadi,+2349077266942,bukola.amadi@example.com,"40 Tina Gardens, Ogbomosho, Oyo",35097322854
32,Aisha,Idris,Male,2012-09-03,11,Abuja,Lagos,aisha.idris@example.com,+2347294767346,8,Chikamso Idris,+2348158324317,aisha.idris@example.com,"138 Johnson Streets, Ikorodu, Lagos",33495013782
33,Oghenekaro,Elebute,Male,2018-02-07,6,Oyo,Oyo,oghenekaro.elebute@example.com,+2347416548981,1,Faisal Elebute,+2348241100996,oghenekaro.elebute@example.com,"141 Wood Village, Saki, Oyo",77192855253
34,Daniel,Adegbite,Male,2019-01-20,14,Lagos,Osun,daniel.adegbite@example.com,+2347152826089,2,Adeyemi Adegbite,+2348090853613,daniel.adegbite@example.com,"172 Cross Causeway, Iwo, Osun",65357436000
35,Adenike,Jacob,Female,2020-01-16,17,Osun,Lagos,adenike.jacob@example.com,+2348351798690,9,Chinedu Jacob,+2348037664991,adenike.jacob@example.com,"168 Richard Views, Badagry, Lagos",38169655123
36,Mohammed,Kehinde,Male,2016-06-05,18,Lagos,Lagos,mohammed.kehinde@example.com,+2347687835429,10,Ejiro Kehinde,+2347369414249,mohammed.kehinde@example.com,"9 Murphy Dam, Ikorodu, Lagos",84201322239
37,Helen,Jacob,Female,2007-09-25,9,Oyo,Oyo,helen.jacob@example.com,+2349088613354,9,Efosa Jacob,+2348940679954,helen.jacob@example.com,"75 Rangel Bridge, Ogbomosho, Oyo",97016073250
38,Ebiere,Ajayi,Male,2010-08-19,6,Osun,Abuja,ebiere.ajayi@example.com,+2349008183874,2,Chima Ajayi,+2349039582500,ebiere.ajayi@example.com,"132 Torres Spurs, Bwari, Abuja",59768406198
39,Helen,Kadiri,Female,2020-10-02,13,Ondo,Osun,helen.kadiri@example.com,+2347943684213,7,Helen Kadiri,+2348926386603,helen.kadiri@example.com,"43 Fletcher Lodge, Iwo, Osun",65984906326
40,Jelili,Agboola,Female,2018-11-27,8,Oyo,Osun,jelili.agboola@example.com,+2347175697664,4,Chika Agboola,+2348837320177,jelili.agboola@example.com,"177 Jackson Passage, Ilesa West, Osun",53326072576
41,Amaka,Danjuma,Female,2008-08-22,5,Lagos,Oyo,amaka.danjuma@example.com,+2348215419718,10,Afeez Danjuma,+2347711446566,amaka.danjuma@example.com,"89 Juan Drives, Ibarapa, Oyo",04169265142
42,Bosede,Edun,Male,2019-06-27,14,Abuja,Lagos,bosede.edun@example.com,+2347076993888,5,Chibuzo Edun,+2347867185551,bosede.edun@example.com,"20 Glen Lock, Ikeja, Lagos",38173946816
43,Khadijah,Bankole,Male,2015-05-19,18,Ondo,Abuja,khadijah.bankole@example.com,+2348637015996,5,Jubril Bankole,+2347757238619,khadijah.bankole@example.com,"8 Antonio Mountain, Bwari, Abuja",02876834812
44,Halima,Agbaje,Male,2013-07-10,6,Osun,Osun,halima.agbaje@example.com,+2347794889437,10,Adeyemi Agbaje,+2348719398335,halima.agbaje@example.com,"170 Sanchez Rapids, Ilesa West, Osun",25858519043
45,Juliana,Gana,Male,2010-02-03,15,Ondo,Ondo,juliana.gana@example.com,+2348710518252,9,Ngozi Gana,+2349060993727,juliana.gana@example.com,"9 David Stream, Ondo West, Ondo",16197789317
46,Aisha,Ogunbiyi,Female,2017-07-18,12,Abuja,Ondo,aisha.ogunbiyi@example.com,+2347719099941,5,Inibehe Ogunbiyi,+2348373944049,aisha.ogunbiyi@example.com,"113 Davis Union, Ondo West, Ondo",59846115017
47,Aminu,Jibrin,Female,2019-08-21,11,Lagos,Lagos,aminu.jibrin@example.com,+2348611092030,1,Lamide Jibrin,+2347472968939,aminu.jibrin@example.com,"41 Larsen Ferry, Ikeja, Lagos",25503152670
48,Funke,Ajibola,Female,2007-10-21,10,Osun,Ondo,funke.ajibola@example.com,+2347619198452,6,Ifeoluwa Ajibola,+2347319038650,funke.ajibola@example.com,"126 Castaneda Courts, Owo, Ondo",80909885392
49,Funke,Fagbemi,Female,2009-10-12,5,Ondo,Oyo,funke.fagbemi@example.com,+2348530344874,1,Nonso Fagbemi,+2348112485974,funke.fagbemi@example.com,"107 Jeremy Island, Ibarapa, Oyo",16539877091
50,Jelili,Nwafor,Male,2009-08-02,13,Abuja,Lagos,jelili.nwafor@example.com,+2348559551424,5,Amaka Nwafor,+2349094213708,jelili.nwafor@example.com,"124 Jeremy Falls, Epe, Lagos",64383565989
51,Adebayo,Agbaje,Female,2014-09-14,7,Abuja,Lagos,adebayo.agbaje@example.com,+2347197449761,4,Ismail Agbaje,+2348230632450,adebayo.agbaje@example.com,"140 Zamora Lake, Ikeja, Lagos",32791079942
52,Mmesoma,Akinyemi,Male,2016-12-01,9,Ondo,Oyo,mmesoma.akinyemi@example.com,+2348714428335,9,Boluwatife Akinyemi,+2348644185698,mmesoma.akinyemi@example.com,"98 Kathleen Unions, Ibadan South, Oyo",68502728227
53,Aminu,Amadi,Female,2011-09-28,7,Lagos,Oyo,aminu.amadi@example.com,+2347205983488,5,Chinyere Amadi,+2347047177242,aminu.amadi@example.com,"147 Colleen Rue, Oyo East, Oyo",81103784244
54,Efe,Adebisi,Male,2017-11-02,9,Ondo,Osun,efe.adebisi@example.com,+2347332167458,1,Bolaji Adebisi,+2347997668178,efe.adebisi@example.com,"15 Richard Greens, Ilesa East, Osun",25352442249
55,Ejiro,Fatoki,Male,2017-06-29,6,Oyo,Oyo,ejiro.fatoki@example.com,+2347235000976,10,Bosede Fatoki,+2347978954659,ejiro.fatoki@example.com,"55 Tammy Shores, Ogbomosho, Oyo",68431713081
56,Emmanuel,Agbonlahor,Male,2011-02-09,18,Oyo,Oyo,emmanuel.agbonlahor@example.com,+2348916620532,10,Jelili Agbonlahor,+2348544398654,emmanuel.agbonlahor@example.com,"140 Pham Glen, Ibadan South, Oyo",59353664173
57,Femi,Adewole,Male,2011-12-30,10,Osun,Abuja,femi.adewole@example.com,+2348196369879,10,Aisha Adewole,+2348002484781,femi.adewole@example.com,"55 Foley Vista, Gwagwalada, Abuja",92519802559
58,Imoh,Ahmed,Male,2010-02-02,18,Osun,Osun,imoh.ahmed@example.com,+2347319142632,2,Eromosele Ahmed,+2348761422299,imoh.ahmed@example.com,"69 Ann Junction, Ejigbo, Osun",40867417245
59,Iniobong,Abiodun,Male,2008-07-15,9,Abuja,Ondo,iniobong.abiodun@example.com,+2347919781374,6,Fadekemi Abiodun,+2349055874072,iniobong.abiodun@example.com,"20 Lawrence Ville, Ondo West, Ondo",87386714339
60,Anietie,Ekaette,Female,2012-06-30,14,Oyo,Ondo,anietie.ekaette@example.com,+2348623810154,2,Boluwatife Ekaette,+2347121958080,anietie.ekaette@example.com,"146 Pham Mountain, Owo, Ondo",70831704110
61,Oluwadamilare,Nwankwo,Female,2014-12-17,14,Lagos,Ondo,oluwadamilare.nwankwo@example.com,+2347144100543,4,Iniobong Nwankwo,+2348411524027,oluwadamilare.nwankwo@example.com,"102 Eric Island, Akure North, Ondo",42111708254
62,Habibat,Aigbe,Female,2018-11-10,10,Lagos,Ondo,habibat.aigbe@example.com,+2347901433323,5,Ngozi Aigbe,+2348485894451,habibat.aigbe@example.com,"51 Sullivan Roads, Akure North, Ondo",95751252505
63,Bukola,Adebanjo,Female,2008-04-19,16,Oyo,Lagos,bukola.adebanjo@example.com,+2347966683025,4,Femi Adebanjo,+2347631145399,bukola.adebanjo@example.com,"105 Scott Points, Ikeja, Lagos",36229684328
64,Ebiere,Inyang,Female,2016-05-21,8,Ondo,Oyo,ebiere.inyang@example.com,+2347703295126,1,Amaka Inyang,+2348308929741,ebiere.inyang@example.com,"82 Matthew Pass, Oyo East, Oyo",16017828976
65,Imade,Etim,Male,2008-04-19,14,Oyo,Osun,imade.etim@example.com,+2347782326270,9,Nurudeen Etim,+2348903009698,imade.etim@example.com,"197 Richard Harbors, Ilesa East, Osun",99726842182
66,Daniel,Okafor,Female,2011-04-02,11,Abuja,Ondo,daniel.okafor@example.com,+2347995126265,10,Akpan Okafor,+2348671486431,daniel.okafor@example.com,"64 Matthew Hill, Akure North, Ondo",62992187241
67,Femi,Elebute,Male,2010-12-06,14,Osun,Lagos,femi.elebute@example.com,+2347726830920,7,Bola Elebute,+2347381505786,femi.elebute@example.com,"24 Barnes Creek, Ikorodu, Lagos",72674968295
68,Chinaza,Ikeh,Female,2013-12-15,13,Ondo,Ondo,chinaza.ikeh@example.com,+2347448975260,1,Inibehe Ikeh,+2348611862032,chinaza.ikeh@example.com,"24 Torres Corner, Ondo West, Ondo",02829943204
69,Helen,Okonkwo,Female,2017-03-14,17,Ondo,Osun,helen.okonkwo@example.com,+2348491500456,7,Jubril Okonkwo,+2347974235888,helen.okonkwo@example.com,"30 Julie Terrace, Osogbo, Osun",84428919755
70,Ejiro,Agbonlahor,Male,2009-07-12,15,Abuja,Lagos,ejiro.agbonlahor@example.com,+2347000118163,5,Eromosele Agbonlahor,+2347892478945,ejiro.agbonlahor@example.com,"136 Ryan Street, Badagry, Lagos",93578541499
71,Ifeanyi,Igwe,Male,2008-05-03,6,Abuja,Abuja,ifeanyi.igwe@example.com,+2347996134090,10,Nnamdi Igwe,+2347067521343,ifeanyi.igwe@example.com,"9 Calvin Prairie, Kwali, Abuja",34541734167
72,Aisha,Adewale,Male,2013-05-22,7,Lagos,Lagos,aisha.adewale@example.com,+2348343109747,2,Anuoluwapo Adewale,+2347672841419,aisha.adewale@example.com,"9 Katherine Cliff, Epe, Lagos",67188696768
73,Aremu,Isong,Female,2007-08-17,6,Oyo,Lagos,aremu.isong@example.com,+2347030083316,6,Oghenekaro Isong,+2347441349220,aremu.isong@example.com,"26 Wang Pines, Eti-Osa, Lagos",73824391232
74,Bashir,Etim,Female,2010-08-13,13,Osun,Osun,bashir.etim@example.com,+2347219631503,10,Chinaza Etim,+2348168744348,bashir.etim@example.com,"91 Davis Port, Ejigbo, Osun",46565115702
75,Oluwadamilare,Awoleye,Male,2007-09-05,16,Ondo,Osun,oluwadamilare.awoleye@example.com,+2348070388085,8,Chinyere Awoleye,+2348526472039,oluwadamilare.awoleye@example.com,"154 Mcneil Square, Ede, Osun",81580769127
76,Ekene,Odili,Female,2017-03-07,8,Lagos,Abuja,ekene.odili@example.com,+2347668171305,2,Eromosele Odili,+2348018215626,ekene.odili@example.com,"12 Bailey Park, Gwagwalada, Abuja",06530028914
77,Chidiogo,Echendu,Female,2011-01-05,11,Abuja,Oyo,chidiogo.echendu@example.com,+2347624837317,2,Efe Echendu,+2347429437496,chidiogo.echendu@example.com,"94 Sparks Drive, Ibarapa, Oyo",48121749295
78,Amaka,Eneh,Male,2010-04-18,10,Osun,Ondo,amaka.eneh@example.com,+2348621496985,1,Adeyemi Eneh,+2347836014221,amaka.eneh@example.com,"11 Jasmine Corners, Owo, Ondo",23954293156
79,Bisi,Adeoye,Female,2014-09-01,17,Abuja,Osun,bisi.adeoye@example.com,+2347112351690,7,Afeez Adeoye,+2348270962097,bisi.adeoye@example.com,"156 Heather Gardens, Ilesa East, Osun",17907983494
80,Idowu,Jelili,Female,2017-04-18,14,Oyo,Osun,idowu.jelili@example.com,+2349079594300,5,Audu Jelili,+2347977125379,idowu.jelili@example.com,"153 Brady Mission, Osogbo, Osun",68887506259
81,Funke,Bankole,Female,2020-06-02,5,Osun,Osun,funke.bankole@example.com,+2347314516278,9,Halima Bankole,+2348620327508,funke.bankole@example.com,"183 Gonzalez Port, Iwo, Osun",21768787297
82,Maryam,Etim,Male,2009-10-14,14,Abuja,Abuja,maryam.etim@example.com,+2348652910579,3,Anuoluwapo Etim,+2347776753771,maryam.etim@example.com,"31 Lopez Ramp, Kuje, Abuja",63917026678
83,Nkechi,Ibeh,Male,2007-07-21,9,Abuja,Abuja,nkechi.ibeh@example.com,+2347002637617,4,Habibat Ibeh,+2347090869351,nkechi.ibeh@example.com,"123 Macdonald Views, Bwari, Abuja",93260085270
84,Imoh,Elebute,Female,2017-05-11,13,Osun,Lagos,imoh.elebute@example.com,+2348079598331,10,Efosa Elebute,+2347647042736,imoh.elebute@example.com,"10 Nicole Crest, Surulere, Lagos",06811962905
85,Akpan,Momodu,Female,2017-12-13,9,Lagos,Ondo,akpan.momodu@example.com,+2348767419866,3,Jelili Momodu,+2347967136178,akpan.momodu@example.com,"69 Michael Fords, Akure South, Ondo",52604770364
86,Efe,Momodu,Male,2016-05-31,10,Oyo,Ondo,efe.momodu@example.com,+2349047847824,10,Adebayo Momodu,+2348574979873,efe.momodu@example.com,"61 Jessica Parks, Akure South, Ondo",62513082597
87,Kemi,Aderibigbe,Male,2009-11-29,5,Lagos,Ondo,kemi.aderibigbe@example.com,+2347968965122,6,Chinyere Aderibigbe,+2348034264227,kemi.aderibigbe@example.com,"170 Sara Cape, Akure South, Ondo",64326907290
88,Jennifer,Nwachukwu,Male,2019-02-16,11,Ondo,Oyo,jennifer.nwachukwu@example.com,+2347000518698,3,Damilola Nwachukwu,+2348001399047,jennifer.nwachukwu@example.com,"52 Harris Stream, Ibadan South, Oyo",43596133999
89,Grace,Adegoke,Male,2006-12-26,17,Ondo,Ondo,grace.adegoke@example.com,+2347844829652,4,Audu Adegoke,+2347660735574,grace.adegoke@example.com,"58 Andrew Point, Ondo East, Ondo",80155379231
90,Damilola,Aderibigbe,Female,2007-01-03,8,Oyo,Abuja,damilola.aderibigbe@example.com,+2348755781349,4,Bisi Aderibigbe,+2347303140027,damilola.aderibigbe@example.com,"3 Bobby Glens, Municipal, Abuja",62702552107
91,Damilola,Okeke,Female,2010-05-24,17,Ondo,Osun,damilola.okeke@example.com,+2348641391134,7,Eniola Okeke,+2347948155231,damilola.okeke@example.com,"83 Sheppard Mews, Iwo, Osun",71389497132
92,Lilian,Aigbe,Male,2011-08-18,9,Lagos,Osun,lilian.aigbe@example.com,+2348480114060,5,Isaac Aigbe,+2348914781133,lilian.aigbe@example.com,"130 Curtis Loop, Ede, Osun",59051795438
93,Samuel,Nwankwo,Female,2020-10-26,7,Lagos,Oyo,samuel.nwankwo@example.com,+2348139470803,9,Ayoola Nwankwo,+2348947631104,samuel.nwankwo@example.com,"128 Rachel Crossroad, Ibadan South, Oyo",97918816508
94,Bisi,Ibrahim,Male,2011-08-28,17,Osun,Abuja,bisi.ibrahim@example.com,+2347877851022,3,Fadekemi Ibrahim,+2347459386485,bisi.ibrahim@example.com,"126 Alexander Junctions, Abaji, Abuja",99970964018
95,Chidiebere,Asuquo,Male,2011-02-15,17,Ondo,Abuja,chidiebere.asuquo@example.com,+2347188800382,8,Chika Asuquo,+2348283982354,chidiebere.asuquo@example.com,"155 David Creek, Bwari, Abuja",12882677189
96,Aremu,Agboola,Female,2016-12-07,8,Ondo,Lagos,aremu.agboola@example.com,+2348468144718,5,Chinaza Agboola,+2348154207972,aremu.agboola@example.com,"81 Cruz Vista, Epe, Lagos",87620206549
97,Fadekemi,Igwe,Male,2009-11-09,17,Osun,Ondo,fadekemi.igwe@example.com,+2348051149978,9,Chinelo Igwe,+2348861192617,fadekemi.igwe@example.com,"90 Mahoney Crest, Ondo East, Ondo",75240373978
98,Mmesoma,Nwankwo,Male,2007-07-22,5,Osun,Osun,mmesoma.nwankwo@example.com,+2347736446729,2,Zainab Nwankwo,+2348617296417,mmesoma.nwankwo@example.com,"200 James Mall, Ejigbo, Osun",85569864240
99,Tobi,Fashola,Male,2019-04-06,6,Osun,Osun,tobi.fashola@example.com,+2348669925829,3,Ebuka Fashola,+2347044245822,tobi.fashola@example.com,"170 Willie Drive, Ilesa East, Osun",03327807616
100,Jennifer,Asuquo,Male,2011-03-29,15,Lagos,Oyo,jennifer.asuquo@example.com,+2347028731882,9,Ngozi Asuquo,+2348026444489,jennifer.asuquo@example.com,"66 Montes Trafficway, Ogbomosho, Oyo",58602255476
101,Adeola,Ekwueme,Male,2009-05-05,5,Osun,Osun,adeola.ekwueme@example.com,+2348097505191,9,Nurudeen Ekwueme,+2347081750799,adeola.ekwueme@example.com,"60 Harold Squares, Ilesa West, Osun",57996082876
102,Juliana,Bello,Female,2007-09-04,14,Ondo,Lagos,juliana.bello@example.com,+2347239818017,2,Ejiro Bello,+2347910039327,juliana.bello@example.com,"107 Mercedes Springs, Surulere, Lagos",63056985023
103,Bosede,Fashola,Female,2007-10-03,18,Oyo,Osun,bosede.fashola@example.com,+2348069536712,3,Funke Fashola,+2348787072715,bosede.fashola@example.com,"38 Pamela Ways, Iwo, Osun",57553730248
104,Bashir,Dawodu,Female,2017-05-26,6,Abuja,Osun,bashir.dawodu@example.com,+2348542260187,7,Isaac Dawodu,+2348454460619,bashir.dawodu@example.com,"78 Justin Track, Ilesa East, Osun",88249852669
105,Dupe,Akinsanya,Male,2016-07-27,6,Oyo,Oyo,dupe.akinsanya@example.com,+2348432945154,2,Chika Akinsanya,+2348104163792,dupe.akinsanya@example.com,"101 Rachel Way, Saki, Oyo",76651760427
106,Audu,Fadare,Male,2008-03-15,13,Lagos,Abuja,audu.fadare@example.com,+2347405299046,7,Oluwaseun Fadare,+2348287823950,audu.fadare@example.com,"151 Johnson Station, Abaji, Abuja",10342191012
107,Halima,Adenuga,Female,2019-01-05,11,Abuja,Ondo,halima.adenuga@example.com,+2349035261173,8,Lilian Adenuga,+2348998045509,halima.adenuga@example.com,"12 Hodge Manor, Akure North, Ondo",11627593322
108,Daniel,Efiong,Male,2018-11-11,5,Oyo,Ondo,daniel.efiong@example.com,+2348715415175,6,Maryam Efiong,+2348772489051,daniel.efiong@example.com,"52 Diana Mountain, Akure North, Ondo",66736550102
109,Anietie,Aigbe,Female,2008-11-11,5,Oyo,Lagos,anietie.aigbe@example.com,+2348089136487,2,Seyi Aigbe,+2347478088865,anietie.aigbe@example.com,"159 James Valley, Surulere, Lagos",72050579778
110,Nonso,Aigbe,Female,2019-02-08,14,Lagos,Ondo,nonso.aigbe@example.com,+2348680213297,6,Osaretin Aigbe,+2349099544566,nonso.aigbe@example.com,"193 Delgado Islands, Akure North, Ondo",20505062925
111,Jelili,Ayeni,Male,2014-03-25,7,Lagos,Ondo,jelili.ayeni@example.com,+2347094675428,2,Chibuzo Ayeni,+2348474091248,jelili.ayeni@example.com,"191 Jesse Oval, Akure South, Ondo",49412450774
112,Seyi,Jelili,Male,2016-02-15,10,Ondo,Lagos,seyi.jelili@example.com,+2348428094470,6,Inibehe Jelili,+2347319051089,seyi.jelili@example.com,"79 Sara Cliff, Surulere, Lagos",27486778549
113,Ejiro,Adamu,Female,2010-11-04,17,Lagos,Osun,ejiro.adamu@example.com,+2348392911582,4,Seyi Adamu,+2348968101533,ejiro.adamu@example.com,"107 Nicholas Brook, Ejigbo, Osun",75903725662
114,Oluwadamilare,Edozie,Male,2015-03-22,5,Abuja,Oyo,oluwadamilare.edozie@example.com,+2348288828951,10,Chika Edozie,+2347125596440,oluwadamilare.edozie@example.com,"133 Andrea Bridge, Ibarapa, Oyo",32024506325
115,Anuoluwapo,Nwankwo,Female,2015-12-19,17,Ondo,Abuja,anuoluwapo.nwankwo@example.com,+2347519745856,1,Ifeanyi Nwankwo,+2348714693415,anuoluwapo.nwankwo@example.com,"81 Walter Rapids, Bwari, Abuja",74848847279
116,Chinaza,Aderinto,Male,2013-06-16,5,Osun,Osun,chinaza.aderinto@example.com,+2347832384710,10,Nkechi Aderinto,+2348736148437,chinaza.aderinto@example.com,"150 Christopher Ridges, Ilesa West, Osun",17712626782
117,Chinedu,Ahmed,Female,2012-01-15,13,Osun,Oyo,chinedu.ahmed@example.com,+2347523193692,9,Boluwatife Ahmed,+2348087919324,chinedu.ahmed@example.com,"14 Burnett Springs, Ibadan South, Oyo",95464077640
118,Samuel,Bello,Male,2018-06-03,10,Ondo,Oyo,samuel.bello@example.com,+2349081103633,8,Chinelo Bello,+2347940781504,samuel.bello@example.com,"175 Kimberly Pike, Oyo East, Oyo",11054951826
119,Moshood,Eneh,Male,2009-03-02,8,Osun,Lagos,moshood.eneh@example.com,+2347326066205,3,Chinelo Eneh,+2347663244976,moshood.eneh@example.com,"127 Timothy Flat, Ikorodu, Lagos",19164098182
120,Ayoola,Ojo,Female,2007-10-01,6,Ondo,Osun,ayoola.ojo@example.com,+2348677340328,1,Chinaza Ojo,+2348179450777,ayoola.ojo@example.com,"125 Smith Lake, Iwo, Osun",12600303661
121,Tobi,Aderibigbe,Male,2014-11-10,14,Abuja,Abuja,tobi.aderibigbe@example.com,+2348998046096,6,Eniola Aderibigbe,+2348804462542,tobi.aderibigbe@example.com,"155 Teresa Land, Bwari, Abuja",74053282430
122,Bashir,Jibrin,Female,2017-11-26,7,Osun,Lagos,bashir.jibrin@example.com,+2347094678220,6,Iniobong Jibrin,+2348116211055,bashir.jibrin@example.com,"78 Ray Lane, Ikeja, Lagos",41489231547
123,Samuel,Asuquo,Female,2015-04-24,7,Abuja,Ondo,samuel.asuquo@example.com,+2348539642624,4,Jelili Asuquo,+2347798199954,samuel.asuquo@example.com,"184 Beth Mountains, Idanre, Ondo",15223217679
124,Halima,Garba,Male,2016-02-25,14,Oyo,Lagos,halima.garba@example.com,+2348223878529,3,Chinyere Garba,+2347447091297,halima.garba@example.com,"97 Erika Parks, Eti-Osa, Lagos",30696778473
125,Dupe,Asuquo,Female,2016-08-28,16,Ondo,Ondo,dupe.asuquo@example.com,+2347028011282,3,Bola Asuquo,+2347044655554,dupe.asuquo@example.com,"156 Travis Pike, Idanre, Ondo",91596241012
126,Helen,Akinsanya,Female,2008-09-19,12,Osun,Ondo,helen.akinsanya@example.com,+2348503642534,8,Tobi Akinsanya,+2347965028535,helen.akinsanya@example.com,"182 Valerie Glens, Ondo East, Ondo",08115901303
127,Akpan,Idris,Female,2020-05-01,9,Oyo,Abuja,akpan.idris@example.com,+2347863933629,2,Rofiat Idris,+2347584354255,akpan.idris@example.com,"150 Parks Trail, Municipal, Abuja",76263507186
128,Oluwaseun,Itua,Female,2019-01-23,6,Lagos,Ondo,oluwaseun.itua@example.com,+2347470767105,2,Osaretin Itua,+2348752598504,oluwaseun.itua@example.com,"199 Clarke Oval, Ondo West, Ondo",94870618835
129,Agnes,Obi,Male,2009-12-09,7,Ondo,Ondo,agnes.obi@example.com,+2348529326506,1,Nurudeen Obi,+2347444231672,agnes.obi@example.com,"132 Misty Groves, Owo, Ondo",13692572920
130,Aminu,Amadi,Male,2015-04-09,15,Oyo,Oyo,aminu.amadi@example.com,+2348845788305,10,Chidiebere Amadi,+2347847317821,aminu.amadi@example.com,"28 Hughes Curve, Ogbomosho, Oyo",75791006796
131,Ivy,Eromonsele,Female,2020-04-03,8,Lagos,Ondo,ivy.eromonsele@example.com,+2347299836976,5,Habibat Eromonsele,+2348194698599,ivy.eromonsele@example.com,"36 Day Vista, Idanre, Ondo",25091895483
132,Bolaji,Alade,Male,2018-12-06,13,Oyo,Osun,bolaji.alade@example.com,+2347031706275,8,Bisi Alade,+2347684542920,bolaji.alade@example.com,"9 Tyler Squares, Ilesa West, Osun",95267828024
133,Maryam,Agbonlahor,Female,2013-04-23,7,Oyo,Lagos,maryam.agbonlahor@example.com,+2347186278819,7,Isaac Agbonlahor,+2348566075893,maryam.agbonlahor@example.com,"159 Stacy Ford, Eti-Osa, Lagos",94838297786
134,Emeka,Aderinto,Male,2016-10-19,17,Osun,Osun,emeka.aderinto@example.com,+2348442370073,2,Nkechi Aderinto,+2347309388007,emeka.aderinto@example.com,"129 Stout Club, Ede, Osun",98825043263
135,Nonso,Alade,Male,2009-05-26,8,Abuja,Ondo,nonso.alade@example.com,+2348298254344,3,Oluwaseun Alade,+2347516667705,nonso.alade@example.com,"93 Barry Hollow, Ondo East, Ondo",77152423942
136,Mohammed,Abiodun,Male,2010-07-24,11,Abuja,Lagos,mohammed.abiodun@example.com,+2348021907126,6,Samuel Abiodun,+2347189056724,mohammed.abiodun@example.com,"138 Traci Ranch, Badagry, Lagos",13975138792
137,Ireti,Aderinto,Female,2009-04-09,15,Abuja,Oyo,ireti.aderinto@example.com,+2348857527131,6,Nkechi Aderinto,+2348656771223,ireti.aderinto@example.com,"83 James Street, Saki, Oyo",09386526535
138,Bolaji,Nwankwo,Male,2017-08-20,18,Osun,Lagos,bolaji.nwankwo@example.com,+2348424877542,6,Chima Nwankwo,+2347271522485,bolaji.nwankwo@example.com,"134 Donovan Field, Ikeja, Lagos",61999733227
139,Jelili,Ajibola,Female,2008-01-29,6,Osun,Abuja,jelili.ajibola@example.com,+2347242724608,9,Anietie Ajibola,+2347824231054,jelili.ajibola@example.com,"46 Mary Hollow, Bwari, Abuja",71910515977
140,Iniobong,Fashola,Female,2011-01-27,8,Osun,Ondo,iniobong.fashola@example.com,+2348949839129,2,Eromosele Fashola,+2347908349067,iniobong.fashola@example.com,"102 Peters Circles, Idanre, Ondo",61229177969
141,Aisha,Okonkwo,Female,2018-11-24,11,Oyo,Lagos,aisha.okonkwo@example.com,+2347920669707,8,Maryam Okonkwo,+2347167996049,aisha.okonkwo@example.com,"10 Jessica Alley, Eti-Osa, Lagos",63949991234
142,Samuel,Agbaje,Male,2016-03-22,5,Ondo,Osun,samuel.agbaje@example.com,+2347672692907,10,Chidiogo Agbaje,+2347946720713,samuel.agbaje@example.com,"23 Richardson Well, Ilesa East, Osun",14749204273
143,Emmanuel,Kadiri,Female,2009-01-30,7,Oyo,Oyo,emmanuel.kadiri@example.com,+2347336822445,8,Bukola Kadiri,+2347316729294,emmanuel.kadiri@example.com,"162 Long Mall, Oyo East, Oyo",74408992115
144,Maryam,Kadiri,Female,2016-04-17,12,Ondo,Osun,maryam.kadiri@example.com,+2347794922820,4,Anuoluwapo Kadiri,+2348072069305,maryam.kadiri@example.com,"167 Diane Hills, Ede, Osun",74921005229
145,Dupe,Akinsanya,Male,2013-05-01,12,Lagos,Osun,dupe.akinsanya@example.com,+2347260060136,4,Oghenekaro Akinsanya,+2348614879839,dupe.akinsanya@example.com,"194 Curtis Pike, Ilesa East, Osun",71237975558
146,Funke,Isa,Male,2020-11-15,10,Oyo,Ondo,funke.isa@example.com,+2347679456888,10,Ebuka Isa,+2347560474999,funke.isa@example.com,"5 Jennifer Trail, Owo, Ondo",96743200408
147,Samuel,Bassey,Male,2007-12-14,6,Abuja,Oyo,samuel.bassey@example.com,+2348546922729,2,Iniobong Bassey,+2347969842915,samuel.bassey@example.com,"26 Jennifer Oval, Ibarapa, Oyo",04356469710
148,Rofiat,Alade,Female,2007-01-19,16,Oyo,Oyo,rofiat.alade@example.com,+2348793693316,3,Zainab Alade,+2347442318623,rofiat.alade@example.com,"92 Cantrell Ports, Ibarapa, Oyo",57239713245
149,Lamide,Bello,Female,2016-01-14,5,Osun,Lagos,lamide.bello@example.com,+2348936075393,9,Khadijah Bello,+2349068979745,lamide.bello@example.com,"53 Crawford Path, Surulere, Lagos",99998031735
150,Bukola,Obi,Female,2012-01-19,17,Osun,Osun,bukola.obi@example.com,+2348767239151,7,Bukola Obi,+2347098692491,bukola.obi@example.com,"174 Stevens Ways, Ilesa West, Osun",30124277270
151,Oghenekaro,Edozie,Female,2014-11-11,8,Abuja,Osun,oghenekaro.edozie@example.com,+2347870123026,1,Kunle Edozie,+2347803569918,oghenekaro.edozie@example.com,"83 Timothy Ferry, Ejigbo, Osun",38998131711
152,Chidiogo,Fatoki,Male,2014-12-11,9,Ondo,Lagos,chidiogo.fatoki@example.com,+2348797629066,6,Ireti Fatoki,+2347704586630,chidiogo.fatoki@example.com,"177 Jason Estates, Eti-Osa, Lagos",50794647156
153,Ayomide,Ayeni,Male,2008-05-19,6,Abuja,Lagos,ayomide.ayeni@example.com,+2348466079383,10,Adeola Ayeni,+2347635908301,ayomide.ayeni@example.com,"196 Washington Ports, Ikeja, Lagos",75596946248
154,Chima,Alade,Male,2010-02-20,5,Lagos,Osun,chima.alade@example.com,+2347843170441,1,Aremu Alade,+2348919865534,chima.alade@example.com,"28 Lindsay Bridge, Ilesa East, Osun",77731075188
155,Kemi,Alade,Male,2011-10-01,10,Lagos,Abuja,kemi.alade@example.com,+2347397645170,8,Adebayo Alade,+2348863505923,kemi.alade@example.com,"127 Robert Garden, Kuje, Abuja",47347673694
156,Enobong,Bello,Male,2008-09-08,7,Abuja,Abuja,enobong.bello@example.com,+2347080260618,1,Efosa Bello,+2347118431671,enobong.bello@example.com,"73 David Island, Municipal, Abuja",22046232783
157,Chinelo,Idris,Male,2013-01-14,12,Lagos,Lagos,chinelo.idris@example.com,+2347226239107,4,Bisi Idris,+2347075728293,chinelo.idris@example.com,"67 Sparks Drives, Ikeja, Lagos",21425992781
158,Chidozie,Asuquo,Male,2013-05-18,10,Osun,Osun,chidozie.asuquo@example.com,+2347395212584,2,Ngozi Asuquo,+2348761614260,chidozie.asuquo@example.com,"43 Humphrey Turnpike, Ede, Osun",23395657888
159,Emeka,Ibeh,Female,2013-09-15,13,Lagos,Lagos,emeka.ibeh@example.com,+2347036352103,10,Bolaji Ibeh,+2347667631398,emeka.ibeh@example.com,"54 Cindy Bypass, Ikorodu, Lagos",83110791090
160,Helen,Amadi,Female,2008-11-30,9,Lagos,Ondo,helen.amadi@example.com,+2347079982128,1,Mmesoma Amadi,+2347104555049,helen.amadi@example.com,"159 Chavez Gateway, Akure South, Ondo",16426443617
161,Chinaza,Akinsanya,Male,2013-04-09,10,Osun,Ondo,chinaza.akinsanya@example.com,+2347271872042,7,Nonso Akinsanya,+2347714282753,chinaza.akinsanya@example.com,"165 Ballard Union, Idanre, Ondo",91955038051
162,Oluwaseun,Etim,Male,2008-04-15,14,Lagos,Ondo,oluwaseun.etim@example.com,+2349068446308,6,Juliana Etim,+2347078408626,oluwaseun.etim@example.com,"73 Cynthia Groves, Idanre, Ondo",10963935323
163,Aremu,Giwa,Male,2013-12-04,5,Ondo,Oyo,aremu.giwa@example.com,+2349022559680,5,Ifeanyi Giwa,+2347765736390,aremu.giwa@example.com,"123 Jeffrey Street, Ibadan South, Oyo",25919638893
164,Nonso,Adegbite,Female,2011-06-23,13,Abuja,Abuja,nonso.adegbite@example.com,+2348505850765,5,Efe Adegbite,+2347717986841,nonso.adegbite@example.com,"127 Heather Dale, Abaji, Abuja",79843492567
165,Chibuzo,Adamu,Female,2011-04-06,8,Lagos,Abuja,chibuzo.adamu@example.com,+2348228085846,10,Grace Adamu,+2348881004473,chibuzo.adamu@example.com,"59 Davis Curve, Abaji, Abuja",26183336393
166,Chibuzo,Elebute,Female,2010-03-29,7,Abuja,Abuja,chibuzo.elebute@example.com,+2347661243828,2,Daniel Elebute,+2348761360800,chibuzo.elebute@example.com,"97 Lorraine Ridges, Municipal, Abuja",53002768860
167,Audu,Odili,Male,2013-08-05,15,Abuja,Oyo,audu.odili@example.com,+2348049862758,8,Audu Odili,+2349048045337,audu.odili@example.com,"58 Marsh Loop, Ibarapa, Oyo",67870017580
168,Damilola,Madu,Male,2020-06-18,17,Osun,Abuja,damilola.madu@example.com,+2348523735977,5,Adeyemi Madu,+2347924414742,damilola.madu@example.com,"200 Jennings Prairie, Gwagwalada, Abuja",73452901224
169,Adeyemi,Akinsanya,Male,2009-03-29,12,Oyo,Oyo,adeyemi.akinsanya@example.com,+2347624178015,4,Samuel Akinsanya,+2347819612939,adeyemi.akinsanya@example.com,"94 Castro Place, Saki, Oyo",83225326949
170,Eniola,Aderinto,Female,2007-10-11,5,Ondo,Oyo,eniola.aderinto@example.com,+2347033091019,8,Ebiere Aderinto,+2347579380593,eniola.aderinto@example.com,"148 Montgomery Keys, Oyo East, Oyo",41312492928
171,Samuel,Adenuga,Female,2007-12-09,7,Oyo,Osun,samuel.adenuga@example.com,+2347467587016,8,Kemi Adenuga,+2347328689340,samuel.adenuga@example.com,"75 Timothy Bridge, Osogbo, Osun",55340671666
172,Akpan,Ajao,Male,2013-02-04,13,Abuja,Osun,akpan.ajao@example.com,+2348174007387,2,Samuel Ajao,+2348254770119,akpan.ajao@example.com,"97 Mckinney Stravenue, Ilesa West, Osun",01325878909
173,Anuoluwapo,Nwosu,Male,2014-11-13,18,Lagos,Osun,anuoluwapo.nwosu@example.com,+2349064224869,10,Morayo Nwosu,+2348573772109,anuoluwapo.nwosu@example.com,"137 Johnson Cape, Ilesa East, Osun",96249464094
174,Morayo,Obi,Female,2018-04-13,6,Lagos,Oyo,morayo.obi@example.com,+2348883326752,5,Tobi Obi,+2348568025240,morayo.obi@example.com,"110 Valencia Grove, Ibarapa, Oyo",01983324492
175,Akpan,Garba,Male,2012-06-20,11,Lagos,Abuja,akpan.garba@example.com,+2347322615355,4,Chidiogo Garba,+2347152387366,akpan.garba@example.com,"4 Sue Ramp, Bwari, Abuja",63285492096
176,Isaac,Lawal,Female,2016-01-28,5,Abuja,Ondo,isaac.lawal@example.com,+2348245330922,9,Bola Lawal,+2347580150144,isaac.lawal@example.com,"13 Sanchez Trafficway, Ondo East, Ondo",10799470830
177,Helen,Edun,Male,2010-09-23,8,Ondo,Lagos,helen.edun@example.com,+2348880620075,1,Zainab Edun,+2347098066486,helen.edun@example.com,"113 Johnson Gateway, Eti-Osa, Lagos",19244411179
178,Bashir,Adegoke,Female,2012-05-03,17,Oyo,Ondo,bashir.adegoke@example.com,+2347716877631,2,Seyi Adegoke,+2348824015772,bashir.adegoke@example.com,"25 Jones Spring, Ondo East, Ondo",12141944455
179,Samuel,Adamu,Female,2009-02-05,15,Osun,Oyo,samuel.adamu@example.com,+2348978834478,1,Dupe Adamu,+2347136711638,samuel.adamu@example.com,"145 Jefferson Rapids, Saki, Oyo",71915043713
180,Chinyere,Dawodu,Female,2011-10-22,6,Abuja,Ondo,chinyere.dawodu@example.com,+2347230710090,8,Jubril Dawodu,+2347669196256,chinyere.dawodu@example.com,"54 Francis Mount, Ondo West, Ondo",67449171102
181,Mohammed,Nwosu,Male,2010-10-24,5,Oyo,Oyo,mohammed.nwosu@example.com,+2348493982603,7,Mohammed Nwosu,+2348384852255,mohammed.nwosu@example.com,"162 Fernando Glens, Ibadan South, Oyo",73301644546
182,Daniel,Adenuga,Female,2009-06-16,9,Oyo,Lagos,daniel.adenuga@example.com,+2348727254921,8,Oluwaseun Adenuga,+2348535131840,daniel.adenuga@example.com,"23 Alexis Inlet, Eti-Osa, Lagos",50659420412
183,Emeka,Asuquo,Male,2019-02-20,16,Ondo,Lagos,emeka.asuquo@example.com,+2347986334495,3,Ekene Asuquo,+2348809275679,emeka.asuquo@example.com,"81 Cox Drive, Eti-Osa, Lagos",22078667111
184,Emeka,Aderibigbe,Female,2018-11-22,15,Ondo,Lagos,emeka.aderibigbe@example.com,+2347258086499,6,Iniobong Aderibigbe,+2348441417901,emeka.aderibigbe@example.com,"41 Cody Shoal, Ikorodu, Lagos",94911085482
185,Nurudeen,Isa,Male,2012-08-26,11,Oyo,Abuja,nurudeen.isa@example.com,+2347603018081,9,Moshood Isa,+2348030985962,nurudeen.isa@example.com,"9 Bell Isle, Municipal, Abuja",94360312008
186,Zainab,Obi,Male,2009-11-06,6,Lagos,Lagos,zainab.obi@example.com,+2348467592757,8,Bashir Obi,+2347377682019,zainab.obi@example.com,"196 Collins Inlet, Badagry, Lagos",24832732605
187,Ifeoluwa,Okonkwo,Male,2019-11-27,16,Lagos,Abuja,ifeoluwa.okonkwo@example.com,+2347316471834,3,Adeyemi Okonkwo,+2349030197710,ifeoluwa.okonkwo@example.com,"47 Bird Plaza, Abaji, Abuja",38759889038
188,Osaretin,Ajibade,Male,2013-08-07,13,Osun,Oyo,osaretin.ajibade@example.com,+2347374219405,6,Oluwadamilare Ajibade,+2348750544654,osaretin.ajibade@example.com,"192 Erin Neck, Ibarapa, Oyo",98932712926
189,Opeyemi,Akpan,Male,2010-01-04,5,Oyo,Ondo,opeyemi.akpan@example.com,+2349011496508,4,Judith Akpan,+2347468784313,opeyemi.akpan@example.com,"48 Bates Alley, Ondo West, Ondo",59279046069
190,Emeka,Fashola,Female,2018-08-21,18,Lagos,Ondo,emeka.fashola@example.com,+2347891965195,1,Lamide Fashola,+2347944707887,emeka.fashola@example.com,"72 Jessica Well, Akure North, Ondo",67514679262
191,Chidiebere,Awoleye,Female,2011-01-09,5,Abuja,Osun,chidiebere.awoleye@example.com,+2348922543633,9,Imade Awoleye,+2347340715365,chidiebere.awoleye@example.com,"164 Berry Motorway, Ilesa West, Osun",65276888965
192,Isaac,Dawodu,Female,2019-02-13,7,Lagos,Lagos,isaac.dawodu@example.com,+2348280885163,3,Opeyemi Dawodu,+2348965655854,isaac.dawodu@example.com,"101 Jeffrey Drive, Ikorodu, Lagos",71576025402
193,Adebayo,Isong,Female,2009-04-25,7,Abuja,Abuja,adebayo.isong@example.com,+2348597704249,4,Adenike Isong,+2348018359112,adebayo.isong@example.com,"174 Johnston Forges, Kuje, Abuja",36155349065
194,Bola,Eromonsele,Female,2015-04-03,18,Oyo,Osun,bola.eromonsele@example.com,+2348605252666,8,Lamide Eromonsele,+2348395787705,bola.eromonsele@example.com,"142 Patricia Keys, Ede, Osun",17974496358
195,Kemi,Ajibade,Male,2007-07-02,10,Ondo,Oyo,kemi.ajibade@example.com,+2348948878012,5,Eniola Ajibade,+2347578003960,kemi.ajibade@example.com,"64 Gene Knolls, Ibarapa, Oyo",09078563249
196,Jelili,Kehinde,Male,2015-08-17,6,Oyo,Oyo,jelili.kehinde@example.com,+2348774454872,4,Anietie Kehinde,+2348914084392,jelili.kehinde@example.com,"113 James Viaduct, Saki, Oyo",23889292118
197,Chima,Amadi,Male,2016-08-24,8,Ondo,Ondo,chima.amadi@example.com,+2348876125107,2,Bolaji Amadi,+2348437560582,chima.amadi@example.com,"75 Christopher Hollow, Idanre, Ondo",09601271144
198,Bola,Fatoki,Female,2019-11-12,12,Lagos,Oyo,bola.fatoki@example.com,+2348589471100,10,Ifeanyi Fatoki,+2349030140596,bola.fatoki@example.com,"110 Johnson Mountain, Ibadan North, Oyo",04046578031
199,Idowu,Idris,Male,2011-03-09,12,Abuja,Ondo,idowu.idris@example.com,+2349023133359,2,Chinelo Idris,+2348526808888,idowu.idris@example.com,"12 Richardson Route, Ondo East, Ondo",55070762838
200,Kemi,Elebute,Male,2020-03-31,16,Ondo,Oyo,kemi.elebute@example.com,+2348076934483,9,Damilola Elebute,+2347101443327,kemi.elebute@example.com,"103 Mendoza Avenue, Saki, Oyo",59959293139
